"cytokine storms"	Concept
(2019-nCoV	Concept
(COVID-19)	Concept
(MERS)-CoV	Concept
(anti-sense viral genome	Concept
(purifying	Concept
,	Concept
-1 PRF	Concept
-human	Concept
0	Concept
0.097	Concept
0.097 (0.438)	Concept
0.1	Concept
0.1 aM	Concept
0.438	Concept
0.5	Concept
0.5%	Concept
0.5% to 0.8%.	Concept
0.8%	Concept
0.9%	Concept
07 March 2020	Concept
1	Concept
1.12%	Concept
1.15	Concept
1.279	Concept
1.36%	Concept
1.41%	Concept
1.5-fold greater	Concept
1.85%	Concept
1.96%	Concept
10	Concept
10 days	Concept
10-20 fold higher affinity	Concept
100%	Concept
100% sensitivity	Concept
1000	Concept
1000 steps	Concept
100ns	Concept
100ns MD	Concept
103	Concept
106 parenchymal staining	Concept
106,893	Concept
1099	Concept
11	Concept
11 days	Concept
113	Concept
116	Concept
12	Concept
130	Concept
130 cities	Concept
133 days	Concept
14 days	Concept
145-289	Concept
145-289 residues	Concept
147 3	Concept
147 3 folds lesser	Concept
148	Concept
149	Concept
158	Concept
158 3D G64S lineages (4/5)	Concept
168-289	Concept
168-289 residues	Concept
18	Concept
18%	Concept
18kD translocator protein	Concept
2	Concept
2 days	Concept
2 μg	Concept
2-7	Concept
2-week	Concept
2.00 kcal/mol	Concept
2.1	Concept
2.1 to 4.2	Concept
2.1%	Concept
2.70%	Concept
20 μg	Concept
20 μg pcMNPs	Concept
20%	Concept
200 μL	Concept
200 μL lysis/binding	Concept
2002 SARS-CoV	Concept
2002/2003	Concept
2003	Concept
2003 SARS-CoV-1	Concept
2014-2016	Concept
2019	Concept
2019-30	Concept
2019-nCoV	Concept
2019-nCoV S-RBD	Concept
2019-nCoV testing	Concept
2019-nCov	Concept
2020	Concept
205	Concept
21.1%	Concept
21/88	Concept
214 3.2 Å	Concept
225 genome length	Concept
226	Concept
23.5%	Concept
23.9%	Concept
23.9% (21/88)	Concept
23000	Concept
24	Concept
268	Concept
276	Concept
276 the genome	Concept
29 other mammals	Concept
29%	Concept
293T	Concept
293T cells	Concept
3 fold	Concept
3 weeks	Concept
3,639	Concept
3.25 ≤ R 0 ≤ 3.4	Concept
3.28	Concept
30	Concept
30-50	Concept
30-50 years old (60.61%)	Concept
309	Concept
309 COVID-19	Concept
30kb	Concept
3600	Concept
38.1%	Concept
3CL	Concept
3CL proteases	Concept
3D	Concept
3D G64S	Concept
3D G64S (0.55 ± 0.03, p=0.005 vs. 3D G64S , t-test)	Concept
3D lung mask	Concept
3D model	Concept
3a protein	Concept
4	Reference
4.2	Concept
4.32%	Concept
4.5.7	Concept
4.9	Concept
4.9 days	Concept
40%	Concept
42-108 46 hpi	Concept
44,672	Concept
44-84 residues	Concept
46%	Concept
48-84 residues	Concept
4X	Concept
5	Reference
5'	Concept
5.0	Concept
5.0%	Concept
5.2%	Concept
5.7%	Concept
5.8%	Concept
5.84	Concept
50%	Concept
506	Concept
507	Concept
54	Concept
54.55%	Concept
554 role	Concept
58	Concept
58.33%	Concept
59.09%	Concept
60	Concept
60.61%	Concept
67	Concept
6LU7	Concept
6X	Concept
7	Concept
7 mNGS	Concept
70%	Concept
70% cross immunity	Concept
72314	Concept
73%	Concept
78%	Concept
79%	Concept
79.6%	Concept
8.65%	Concept
81.1%	Concept
82 years old	Concept
82%	Concept
82.1%	Concept
85	Concept
88%	Concept
9	Concept
9%	Concept
9-amino	Concept
9-amino acridine complex formation	Concept
90%	Concept
95%	Concept
96.08%	Concept
99.8%	Concept
9X	Concept
<1	Concept
<190/µL	Concept
A	Concept
ABO	Concept
ACE2	Concept
ACE2 receptor	Concept
ACE2 receptors	Concept
ACE2+ cholangiocytes	Concept
ADV	Concept
AIPs	Concept
ALT	Concept
AMBER	Concept
AMI	Concept
AN	Concept
APP	Concept
APP/PS1dE9	Concept
ARDS	Action
ARDS	Concept
ARF	Action
ARF	Concept
ARG 202	Concept
ARG 459	Concept
ARG 462	Concept
ASFV	Concept
AST	Concept
AT1 cells	Concept
AT2 cells	Concept
ATG5	Concept
ATP	Concept
Ab test	Concept
Absolute	Concept
Absolute humidity	Concept
Aged	Concept
Aged transgenic	Concept
Alzheimer's mutations	Concept
Analogous	Concept
Analysis	Action
Analysis	Concept
Another	Reference
April	Concept
April 2020	Concept
B	Concept
B CoVs	Concept
B#57	Concept
B#59	Concept
BCR	Concept
BN	Concept
Based	Action
Bat CoV	Concept
Bat-CoV	Concept
Bat-CoV,	Concept
Bat-SARSr-CoV RaTG13	Concept
Betacoronavirus genus	Concept
Bgh pA	Concept
Blood routine	Concept
BtCoV	Concept
C	Concept
C CoVs	Concept
C-MAD2	Concept
C-terminal	Concept
C-terminal domain of XP	Concept
C3	Concept
CA12	Concept
CCDC	Concept
CCoV	Concept
CCoV sequences	Concept
CCoV strain A76	Concept
CD147	Concept
CD147-antagonistic peptide-9	Concept
CD163+ cells	Concept
CD4	Concept
CD4 + T	Concept
CD4 + T cells	Concept
CD4 / CD8	Concept
CD8	Concept
CD8 + T	Concept
CD8 + T cells	Concept
CEP_C30	Concept
CFR	Concept
CKD	Concept
CML	Concept
CMV	Concept
CN	Concept
COIVD-19	Concept
COPD	Concept
COV	Concept
COVID	Concept
COVID-10 epidemics	Concept
COVID-19	Concept
COVID-19 -related	Concept
COVID-19 EWS	Concept
COVID-19 cases	Concept
COVID-19 clusters	Concept
COVID-19 confirmed	Concept
COVID-19 epidemic	Concept
COVID-19 knowledge	Concept
COVID-19 outbreak	Concept
COVID-19 outbreaks	Concept
COVID-19 patients	Concept
COVID-19 pneumonia	Concept
COVID-19 population	Concept
COVID-19 prevention	Concept
COVID-19 spread	Concept
COVID-19 transmission	Concept
COVID-19 virus	Concept
COVID-19-confirmed	Concept
COVID-19-related	Concept
COVID-19-related CoV	Concept
COVID-2019	Concept
COVID-negative	Concept
COVID-positive	Concept
CP	Concept
CT	Concept
CT findings	Concept
CT imaging	Concept
CT scan	Concept
CT volume	Concept
CT-Mask	Concept
CT-Mask volume	Concept
CT-confirmed	Concept
CT-confirmed pneumonia	Concept
CTD	Concept
CTD 4A	Concept
CTD 4E	Concept
CTLV1	Concept
CTLV2	Concept
CTLV3	Concept
CTLV4	Concept
CTT	Concept
CTT sequences	Concept
CVB3 3C pro	Concept
CVB3 3C pro complex	Concept
CVL218	Concept
Ca 2+	Concept
Ca 2+ pools	Concept
Carriage	Concept
Cas13d	Concept
Cas13d expression	Concept
Cas13d-based	Concept
Cas13d-based genetic	Concept
Ce:GAGG	Concept
Ce:GAGG crystals	Concept
Chemokine signaling	Concept
Children	Concept
China	Concept
China's	Concept
China's large-scale	Concept
Chinese	Concept
Chongqing	Concept
Chongqing municipality	Concept
City	Concept
Clinical studies	Concept
CoV	Concept
CoV MERS	Concept
CoVID-19	Concept
CoVID-19-like	Concept
CoVZC45	Concept
CoVZXC21	Concept
CoViD-19	Concept
CoVs	Concept
Comorbidities	Concept
Comparing	Action
Concern	Action
Concern	Concept
Considering	Action
Construction	Action
Coronavirus	Concept
Covid-19	Concept
Currently	Concept
D	Concept
DBP	Concept
DC	Concept
DHODHi	Concept
DMSO control group	Concept
DNA	Concept
DNA damage	Concept
DNA repair machinery	Concept
DNA sequencing	Concept
DNA viruses	Concept
DNAseq	Concept
DPP4	Concept
DTR	Concept
DTR values	Concept
DUB	Concept
DUB-negative	Concept
DUSP1	Concept
DeCoV-Net	Concept
December	Concept
December 2019	Concept
December 8, 2019	Concept
Diagnosis	Action
Diagnosis	Concept
Diagnosis criteria	Concept
Domestication	Action
Domestication impairing	Concept
E	Concept
E (envelope)	Concept
E proteins	Concept
E1163	Concept
E329	Concept
EAT	Concept
EAT density	Concept
ED	Concept
EDS1	Concept
EVC	Concept
EVC2	Concept
EVC3.1	Concept
EVC3.2	Concept
EVC3.2 323	Concept
EWS	Concept
Early	Concept
Ebola	Concept
Ebola virus	Concept
Emergency	Concept
England	Concept
Escherichia coli	Concept
Expert	Concept
FCS	Concept
FLC	Concept
FP	Concept
FP1	Concept
FP1_2	Concept
FP2	Concept
February 11, 2020	Concept
February 2-15	Concept
February 2-15 subsample	Concept
Fever	Concept
Fudan-CCDC	Concept
Full-length	Concept
Further	Concept
G	Concept
GFP-MAD2 L13A	Concept
GGO	Concept
GLU 286	Concept
GLY 197	Concept
GP	Concept
GPs	Concept
GROMACS	Concept
GVHD	Concept
GZ02	Concept
Gemcitabine	Concept
Genetic	Concept
Guan et al 4	Concept
Guangdong pangolin	Concept
Guarani DNA	Concept
H1N1	Concept
H5N1	Concept
H7N1	Concept
HA-NA	Concept
HA-NA distributions	Concept
HCOV-229E	Concept
HCR	Concept
HCT	Concept
HCT recipients	Concept
HCW	Concept
HCWs	Concept
HCoV	Concept
HCoV-HKU1	Concept
HCoV-NL63 M pro	Concept
HCoV-OC43	Concept
HCoV-associated	Concept
HCov-HKU1	Concept
HEK293	Concept
HEK293 cells	Concept
HHV-6	Concept
HIV	Concept
HIV-1	Concept
HIV-1 protease inhibitors	Concept
HKU-1	Concept
HKU9-1	Concept
HLA	Concept
HLA types	Concept
HR1	Concept
HR2	Concept
HRV-A	Concept
HSP90AA1	Concept
Health	Concept
High	Concept
Hospital	Concept
Hospital-related	Concept
Hospital-related transmission	Concept
Hubei	Concept
Hubei Province	Concept
Human	Concept
Human SARS	Concept
I	Concept
IAPP	Concept
IAV	Concept
IC 50 values	Concept
IC values	Concept
ICU	Concept
ICU admission	Concept
ICU care	Action
ICU care	Concept
ICU patients	Concept
ID	Concept
IDRs	Concept
IFITMs	Concept
IFN-I	Concept
IFN-β	Concept
II	Concept
II CCoV	Concept
IL-10	Concept
IL-33	Concept
IL-6	Concept
ISG	Concept
Infected	Concept
Influenza A	Concept
Influenza A (H1N1)	Concept
Initiation	Action
International	Concept
Irbesartan	Concept
Irbesartan's targets	Concept
Isolation	Action
It	Reference
JIA	Concept
JIA,	Concept
JNK	Concept
January	Concept
January 23	Concept
K(τ) = K(τ)/θ	Concept
K(τ) = g(τ)	Concept
K276R	Concept
K929	Concept
KNTC1-nul	Concept
KNTC1-null RPE	Concept
Kd	Concept
Killer	Concept
L-A	Concept
LC3B-II	Concept
LDH	Concept
LPS	Concept
LPS treatment	Concept
LRTI	Concept
LRTI assay	Concept
LRTI pathogens	Concept
LV dysfunction	Concept
LYS 200	Concept
Liu	Concept
Logistic	Concept
Logistic regression analysis	Concept
Longer	Action
Longer	Concept
Lower respiratory tract infections	Concept
Lower tract infections respiratory	Concept
Lung injury	Concept
Lymphocyte	Concept
Lymphopenia	Concept
M	Concept
M (membrane),	Concept
M pro	Concept
M proteins	Concept
MAD1	Concept
MCM	Concept
MD	Concept
MERS	Concept
MERS-CoV	Concept
MERS-CoV RBD	Concept
MERS-Cov	Concept
MHC-1	Concept
MHC-I molecules	Concept
MHV	Concept
MONSA	Concept
MP	Concept
MRC5	Concept
MRES-COV	Concept
MSA	Concept
MSEIR	Concept
MSEIR mode	Concept
MSIR	Concept
MSIR model	Concept
MTase	Concept
MTase region	Concept
McLaellen	Concept
Measurements	Concept
Metagenomic next generation sequencing	Concept
Metagenomic next-generation sequencing	Concept
Middle East respiratory syndrome	Concept
Middle Eastern respiratory syndrome	Concept
Mn 2+	Concept
Muc4	Concept
Murine hepatitis virus	Concept
N	Concept
N (nucleocapsid)	Concept
N proteins	Concept
N-terminal	Concept
N-terminal (1-10 residues)	Concept
N-terminal (1-10 residues) predicted disordered segment	Concept
N-terminal regions	Concept
N8R	Concept
NA enriched	Concept
NB	Concept
NCP	Concept
NCP department	Concept
NCP type	Concept
NK cells	Concept
NL63	Concept
NLR	Concept
NNFGAIL	Concept
NNK	Concept
NOT gate	Concept
NP	Concept
NP RNA copies	Concept
NP-exo	Concept
NP-exo WT	Concept
NS2B-NS3pro	Concept
NS2B-NS3pro complex	Concept
NSP12	Concept
NSP7	Concept
NSP7-NSP8	Concept
NSP7-NSP8 structure	Concept
NSP8	Concept
NSP8 C-terminal	Concept
NTP	Concept
Native Nanopore data	Concept
New	Concept
Nidovirales	Concept
Non-ICU	Concept
Non-ICU cases	Concept
Novel	Concept
Novel coronaviruses (COVID-19)	Concept
Nsp8	Concept
Nucleotide	Concept
Nucleotide sequence	Concept
O	Concept
O-MAD2	Concept
OC43	Concept
ODE	Concept
OR	Concept
ORF3b	Concept
ORF6	Concept
ORF8	Concept
ORF9b	Concept
One	Concept
One of these conformations	Concept
Only	Concept
Other	Reference
P-loop	Concept
P-type transistor	Concept
PAC-MAN)	Concept
PAD4	Concept
PARP1	Concept
PARP2	Concept
PC-12	Concept
PCR	Concept
PCR artifacts	Concept
PCT	Concept
PD-1	Concept
PD-1 + CD8 + T cells	Concept
PDB	Concept
PEDV	Concept
PID	Concept
PID range	Concept
PK	Concept
PK region	Concept
PL	Concept
PLVP	Concept
PPI	Concept
PPID	Concept
PPID of 10.31%	Concept
PPID score	Concept
PS1dE9	Concept
PWK/PhJ	Concept
Patients	Concept
People	Concept
Phage-mediated	Concept
Phe	Concept
Phylogenetic	Concept
Positive	Concept
Preventing	Action
Previous	Concept
Prior	Concept
Prophylactic Antiviral CRISPR	Concept
Prophylactic Antiviral CRISPR in huMAN cells (PAC-MAN)	Concept
Protein-protein	Concept
Protein-protein interaction	Concept
Province	Concept
Public	Concept
Pyrococcus	Concept
R	Concept
R below one	Concept
R configuration	Concept
R genemediated	Concept
R genemediated disease resistance	Concept
R(t)	Concept
R0	Concept
R0 = 1 + r * Tc	Concept
R0 above 2	Concept
R426	Concept
RAS	Concept
RBD	Concept
RBD protein sequences	Concept
RBD region	Concept
RBD-targeted	Concept
RBM	Concept
RMSF	Concept
RNA	Concept
RNA binding	Action
RNA binding	Concept
RNA binding property	Concept
RNA extraction operations	Action
RNA intermediates	Concept
RNA markers	Concept
RNA molecules	Concept
RNA sequences	Concept
RNA viruses	Concept
RNAseq	Concept
RPE cells	Concept
RSCs 27	Concept
RSV	Concept
RT-LAMP	Concept
RT-LAMP reactions	Action
RT-PCR	Concept
RT-PCR-based	Concept
RTC	Concept
RTC assembly	Concept
RV	Concept
RXR	Concept
RXR activation	Concept
RaTG13	Concept
RaTG13 strain	Concept
Reb1bound genes	Concept
Receptor-dependent	Concept
Reff(t)	Concept
Renmin	Concept
Researchers	Concept
Rgl pA	Concept
S	Concept
S -gene sites	Concept
S 103 protein	Concept
S configuration	Concept
S phase	Action
S protein	Concept
S proteins	Concept
S-29	Concept
S-RBD	Concept
S-RBD structure	Concept
S-protein	Concept
S1	Concept
S1-S2	Concept
S2	Concept
S416	Concept
SAC failure	Action
SAC failure	Concept
SARS	Concept
SARS -CoV-2	Concept
SARS coronaviruses	Concept
SARS data	Concept
SARS proteome	Concept
SARS viral strain	Concept
SARS virus	Concept
SARS)-CoV-2	Concept
SARS-2002	Concept
SARS-COV-2	Concept
SARS-COV-2 infection	Concept
SARS-CoV	Concept
SARS-CoV 3a protein	Concept
SARS-CoV NSP12	Concept
SARS-CoV NSP7	Concept
SARS-CoV NSP8	Concept
SARS-CoV RBD	Concept
SARS-CoV S	Concept
SARS-CoV S-RBD	Concept
SARS-CoV S-RBD structure	Concept
SARS-CoV S-RBD to ACE2	Concept
SARS-CoV antigen staining	Concept
SARS-CoV spike protein	Concept
SARS-CoV-1	Concept
SARS-CoV-2	Concept
SARS-CoV-2 198	Concept
SARS-CoV-2 234 RBD	Concept
SARS-CoV-2 3CL pro	Concept
SARS-CoV-2 3CL pro (PDB ID: 6LU7)	Concept
SARS-CoV-2 R0	Concept
SARS-CoV-2 RBD	Concept
SARS-CoV-2 RNA	Concept
SARS-CoV-2 S	Concept
SARS-CoV-2 WIV04	Concept
SARS-CoV-2 assays	Concept
SARS-CoV-2 coronaviruses	Concept
SARS-CoV-2 infection	Concept
SARS-CoV-2 invasion	Concept
SARS-CoV-2 nucleic acid	Concept
SARS-CoV-2 related coronavirus	Concept
SARS-CoV-2 viruses	Concept
SARS-CoV-2-N-NTD	Concept
SARS-CoV-2-designed	Concept
SARS-Cov	Concept
SARS-related	Concept
SARS-related CoV	Concept
SARSr-CoV	Concept
SE-PGQs	Concept
SEIR-PO	Concept
SEIR-QD	Concept
SENSR	Concept
SMM	Concept
SMM algorithm of MHC-1 binding	Concept
SNP	Concept
SP	Concept
STLC	Concept
SV40	Concept
SY5Y	Concept
Sarbecovirus	Concept
SeV	Concept
Sequence	Concept
Sequence analysis	Action
Serum	Concept
Similar	Concept
Small	Concept
Social	Concept
Social distancing	Concept
Some	Concept
Southeast Asia	Concept
Spain	Concept
Staphylococcus	Concept
Staphylococcus aureus strains	Concept
Stenotrophomonas maltophilia	Concept
Streptococcus	Concept
Streptococcus mitis	Concept
Streptococcus pyogenes	Concept
Superposition	Action
Superposition	Concept
T	Concept
T cell	Concept
T cell exhaustion	Action
T cells	Concept
T lymphocyte	Concept
T3	Concept
T3 phage	Concept
T925	Concept
T:C transition	Concept
TAP	Concept
TCR	Concept
TLR4	Concept
TLR4-mediated	Concept
TNF	Concept
TNF-α	Concept
TRIM25 KO	Concept
TRIM25 KO cells	Concept
TSPO	Concept
Tabriz	Concept
Taq	Concept
Taq polymerase PCR stop assay	Concept
TaqMan	Concept
Tc = 7.5	Concept
Th1 cells	Concept
Th17 cells	Concept
Th2 cells	Concept
The World Health Organization	Concept
These	Reference
This	Reference
This technology	Reference
Those	Reference
Tim-3	Concept
TnI	Concept
To-date	Concept
Trp	Concept
Tupanvirus	Concept
Tyr	Concept
U1	Concept
U1 snRNA 294	Concept
U2	Concept
UK	Concept
US	Concept
V1691R	Concept
V1691R 553 substitution	Concept
VDR	Concept
VI	Concept
VSV	Concept
VT	Concept
Vero E6	Concept
Vero E6 cells	Concept
Vibrio cholerae	Concept
Virus sequence	Concept
Vitamin D	Concept
WHO	Concept
WT	Concept
WT (0.92 ± 159 0.03, p=0.0031 vs. WT, t-test)	Concept
WT CTT	Concept
WT populations	Concept
WU polyoma	Concept
WU polyoma virus	Concept
Wales	Concept
We	Concept
We	Reference
Week 2	Concept
West Africa	Concept
World Health Organization	Concept
Wuhan	Concept
Wuhan University	Concept
Wuhan city	Concept
Wuhan, China	Concept
Wuhan-Hu-1	Concept
X	Concept
XP	Concept
ZIKV	Concept
ZIKV NS3	Concept
ZIKV group	Concept
Zika	Concept
Zika NS2B-NS3pro	Concept
[0.30, 0.32]	Concept
a little less than one	Concept
a proportion	Concept
ab initio	Concept
ab initio low resolution bead modeling	Concept
ability	Concept
ablated	Action
abnormality	Concept
about transmission approaches	Concept
above	Concept
absence	Action
absence	Concept
absent	Action
abundance	Concept
abundant	Concept
accelerated	Action
accelerated	Concept
acceptor	Concept
accessory	Concept
accessory features	Concept
accessory proteins	Concept
accidental	Concept
account	Concept
accumulating	Action
accumulation	Action
accumulation	Concept
accurate	Concept
accurately	Concept
acid	Concept
acidic residues	Concept
acidic residues glutamic acid	Concept
acquired	Action
acquired	Concept
acquiring	Action
acridine	Concept
act as	Action
act same way	Action
actin	Concept
actin scavenger	Concept
acting	Action
acting as	Action
action	Action
action	Concept
actions	Concept
activated	Concept
activating	Action
activation	Action
active	Concept
active site	Concept
activity	Action
activity	Concept
acute	Concept
acute cardiac injury	Concept
acute respiratory distress syndrome	Concept
acuteness	Concept
adaptability	Concept
adaptive	Concept
addition	Action
additional	Concept
address	Action
adenosine	Concept
adequate	Concept
adjust	Action
administration	Concept
administratively	Concept
administratively-imposed	Concept
admission	Concept
admitted	Action
adults	Concept
advent	Action
adverse	Concept
adverse outcomes	Concept
aerosol	Concept
aerosols	Concept
affect	Action
affected	Action
affected	Concept
affected population	Concept
affects	Action
affinity	Concept
after	Concept
after about 11 days	Concept
after symptom onset	Concept
after the oriI locus	Concept
against	Concept
age	Concept
age 3-12	Concept
age groups	Concept
aged	Concept
aged wildtype	Concept
agents	Concept
aggregation	Action
aggregation	Concept
aggressive	Concept
agreeing	Action
agreeing with	Action
air droplets	Concept
airborne	Concept
airway	Concept
airway epithelial cells	Concept
airway microbial diversity	Concept
airway microbiome	Concept
algorithm	Concept
alignment	Concept
all known	Concept
all known viruses	Concept
all models	Concept
all sequenced coronaviruses	Concept
all-atom	Concept
allele 60	Concept
allied health workers	Concept
allosteric inhibition	Concept
allow	Action
allowing	Action
alone	Concept
along	Action
alternative	Concept
alveolar	Concept
alveolar damage	Concept
amino acid	Concept
amino acid positions	Concept
amino acid sequence	Concept
amino acid similarity	Concept
amino acids	Concept
amount	Concept
amounts	Concept
amphiphysin	Concept
ampicillin-loaded	Concept
amplitude	Concept
amplitude of seasonal variation	Concept
amplitude of the seasonal variation	Concept
amyloid	Concept
amyloid precursor protein	Concept
amyloidogenic	Concept
anal sex	Concept
analyses	Action
analysis	Action
analysis	Concept
analysis	Reference
analysis 197	Concept
ancestor	Concept
ancestral	Concept
ancestral branch	Concept
and Bat CoV	Concept
angiotensin converting enzyme	Concept
angiotensin converting enzyme 2 (ACE2)	Concept
angiotensin-converting enzyme 2	Concept
angiotensin-converting enzyme 2 (ACE2)	Concept
angular	Concept
angular gyrus	Concept
animal kingdom	Concept
animals	Concept
announcement	Action
another case	Concept
antagonistic	Concept
anti-sense viral genome	Concept
antibodies	Concept
antibody titer	Concept
antigen distribution	Concept
antigen staining	Concept
antigenic	Concept
antigenic peptides	Concept
antimicrobial	Concept
antimicrobial therapy	Concept
antiviral	Concept
antiviral activities	Concept
antiviral activity	Action
antiviral activity	Concept
antiviral effects	Concept
antiviral efficacy	Concept
antiviral treatment	Concept
antivirus	Concept
anxiety	Concept
any	Concept
appear	Action
appearance	Action
appearance	Concept
application	Action
applied	Action
apply	Action
approach	Concept
approved	Action
arbidol	Concept
are	Action
are all different	Action
are conserved	Action
areas	Concept
aromatic	Concept
arose	Action
around	Concept
around the world	Concept
arrays	Concept
arthralgia	Concept
artifacts	Concept
ascertained	Action
ascertained	Concept
aspartic acid	Concept
aspects	Concept
assay	Concept
assay set	Concept
assays	Action
assays	Concept
assembly	Concept
assess	Action
assimilate	Action
assist	Action
associated	Action
associated	Concept
association	Action
association	Concept
association risks	Concept
assumed	Concept
assuming	Action
assumption	Action
assumptions	Concept
asthma	Concept
asthma exacerbation	Concept
asthmatic	Concept
asymptomatic	Concept
asymptomatic carriers	Concept
at the same time	Concept
atent in humans	Concept
atom	Concept
atrial	Concept
atrial fibrillation	Concept
attachments	Action
attack	Action
attacked	Action
attend	Action
attenuation element	Concept
attractive	Concept
attribute	Concept
atypical	Concept
aureus	Concept
authorities	Concept
autoimmune	Concept
autophagy	Action
autophagy	Concept
availability	Action
availability	Concept
available	Action
available	Concept
average	Concept
average numbers	Concept
avoid	Action
avoidance	Concept
avoiding	Action
awareness	Concept
babies	Concept
background	Concept
bacteremia	Concept
bacteria	Concept
bacterial	Concept
bacterial pathogens	Concept
bacterial strains	Concept
barrier Reb1	Concept
based	Action
based	Concept
bases	Concept
basic	Concept
basic kidney disease	Concept
bat	Concept
bat RSC	Concept
bat SARSr-CoV	Concept
bat-SL-CoVZC45	Concept
bat-SL-CoVZXC21	Concept
bat-derived	Concept
batch	Concept
batches	Concept
bats	Concept
be	Action
be cautious	Action
be preserved	Action
be re-infected	Concept
bead modeling	Action
become	Action
before	Action
before	Concept
beginning	Concept
begins	Action
behavior	Concept
believed	Action
belong	Action
below	Concept
benchmarked	Action
beneath	Concept
best	Concept
best clinical response	Concept
best efficient	Concept
best-known	Concept
beta-coronavirus	Concept
betacoronaviruses	Concept
better	Concept
better potential	Concept
between	Concept
bias	Concept
big	Concept
bind	Action
binding	Action
binding	Concept
binding assay	Action
binding energy	Concept
binding rate	Concept
binding strength	Concept
binding surface	Concept
binding to	Action
binds	Action
binds to	Action
biocompatible	Concept
biological	Concept
biological justification	Concept
biology	Concept
bionformatic	Concept
bioterrorism agent	Concept
births	Concept
blocked	Action
blocking	Action
blood	Concept
blood group	Concept
blood group A	Concept
blood group O	Concept
blood groups	Concept
blood immune	Concept
blood lymphocytes	Concept
blood samples	Concept
blue	Concept
body	Concept
body fluids	Concept
bond energy	Concept
both	Reference
both diseases	Reference
bound	Concept
bound nitrogen	Concept
brain	Concept
branch	Concept
breakpoint	Concept
breakthroughs	Concept
breastfeed	Action
breastfeeding	Action
breastfeeding	Concept
breastmilk	Concept
breathing difficulty	Concept
bridge	Concept
brings	Action
broadening	Action
buffer	Concept
bundle	Concept
but still high	Concept
bystander	Concept
bystander activation	Concept
calculate	Action
calculated	Action
can report	Action
can spread	Action
cancer	Concept
cancers	Concept
candidates	Concept
canonical TRS-mediated	Concept
canonical TRS-mediated 144 mechanism	Concept
cap	Concept
cap-independent	Concept
capable	Action
capacity	Concept
capturing	Action
cardiac	Concept
cardiovascular	Concept
care	Action
care	Concept
care testing	Concept
carrier	Action
carriers	Concept
carries	Action
carrying	Concept
carrying capacity	Concept
case	Concept
case isolation	Concept
cases	Concept
cases COVID-19	Concept
catalysis	Action
catecholamine	Concept
catecholamine dynamics	Concept
causative	Concept
caused	Action
causes	Action
causes for infection	Concept
cell	Concept
cell cultures	Concept
cell cycle	Action
cell cycle	Concept
cell entry receptor	Concept
cell entry receptor,	Concept
cell foci	Concept
cell lines	Concept
cell membrane	Concept
cell populations	Concept
cells	Concept
cellular	Concept
cellular level	Concept
cellular pathology	Concept
cellular receptors	Concept
certain	Concept
challenge	Concept
challenging	Action
challenging	Concept
chance	Concept
chances	Concept
change	Action
change	Concept
changes	Action
changes	Concept
changes	Reference
characteristics	Concept
characterized	Action
charged	Concept
chemical	Concept
chest	Concept
chest CT imaging	Concept
child	Concept
child care	Concept
children	Concept
china	Concept
choanoflagellate	Concept
cholesterol	Concept
cholesterol homeostasis	Concept
chronic	Concept
chronic kidney disease	Concept
chronic kidney disease (CKD)	Concept
cilia	Concept
ciliated Eukaryotes	Concept
ciliomes	Concept
circle	Action
circle	Concept
circulating	Concept
circulation	Action
cities	Concept
clade 1	Concept
clades	Concept
clash	Action
classification	Concept
clear	Action
clear	Concept
clear sequence	Concept
cleavage	Action
cleavage	Concept
cleavage site	Concept
cleave	Concept
clinical	Concept
clinical description	Concept
clinical manifestation	Concept
clinical need	Concept
clinical pathology	Concept
clinical pathways	Concept
clinical recovery	Concept
clinical response	Concept
clinical samples	Concept
clinical severity	Concept
clinical significance	Concept
clinical testing	Concept
clinical trials	Concept
clinical use	Concept
clinically negative	Concept
clinicians	Concept
clones	Concept
close	Action
close	Concept
close contact	Concept
closed	Action
closely	Concept
closer	Action
closer	Concept
closest	Action
closures	Action
clustered	Action
co-crystal	Concept
co-existed	Concept
co-infection	Concept
coexistence	Concept
cohabiting	Concept
cold	Concept
cold season	Concept
colleges	Concept
combating	Action
combines	Action
common	Concept
community	Concept
comorbidities	Concept
comorbidity	Concept
comparable	Concept
comparative	Action
comparative	Concept
compared	Action
compared	Concept
comparing	Action
comparison	Action
comparison	Concept
compartments	Concept
compel	Action
competition	Action
complementary	Concept
completely	Concept
complex	Concept
complexes	Concept
complexity	Concept
complicate	Concept
complications	Concept
components	Concept
composite plots	Concept
compounds	Concept
comprehensive	Concept
comprising	Action
computationally	Concept
computationally inefficient	Concept
concentrated	Concept
concentration	Concept
concentrations	Concept
concern	Action
concern	Concept
conclude	Action
condition	Concept
conditions	Concept
confer to	Action
configuration	Concept
confirm	Action
confirmation	Action
confirmation	Concept
confirmed	Action
confirmed	Concept
confirmed COVID-19	Concept
confirmed cases	Concept
confirmed diagnosis	Concept
confirming	Action
conformation	Action
conformation	Concept
conformations	Concept
confounded	Action
congestion	Concept
conjunctival	Concept
consensus	Action
consequent	Concept
conserved	Action
conserved	Concept
considerable	Concept
considering	Action
consistent	Concept
constant	Concept
constant-strength	Concept
contact	Action
contact	Concept
contact history	Concept
contact rate	Concept
contact tracing	Action
contacting	Action
contacting with	Action
contacts	Concept
contacts traced	Concept
contagious	Concept
contain	Action
contained	Action
containing	Action
containment	Action
containment	Concept
contaminated	Concept
contaminated gloves or hands	Concept
contigs	Concept
contractile	Concept
contraction	Concept
contrasts	Concept
contribute	Action
contributed	Action
control	Action
control	Concept
controlling	Action
controls	Concept
convalescent	Concept
conventional standard	Concept
convergence	Action
convergent	Concept
coordination	Action
cope	Action
copies	Concept
core genomic features	Concept
coronavirus	Concept
coronavirus disease	Concept
coronavirus disease-2019	Concept
coronavirus evolution	Concept
coronavirus example	Concept
coronaviruses	Concept
correlated	Action
correlated	Concept
correlated to	Action
correlation	Action
correlation	Concept
corresponding	Action
corroborates	Action
corroborating	Action
cortical	Concept
cost-effective	Concept
cough	Concept
cough/sore throat	Concept
could not	Concept
count	Action
count	Concept
counteract	Action
countermeasures	Concept
countries	Concept
country	Concept
counts	Concept
crRNA	Concept
crRNA concentration	Concept
create	Action
create variation	Action
created	Action
criterion	Concept
critical	Concept
critical key residues	Concept
critically	Concept
cross	Concept
crowd	Concept
crucial	Concept
cryoEM	Concept
crystal	Concept
crystal structure	Concept
crystals	Concept
cultural	Concept
culture independent	Concept
culture-positive	Concept
cumulative	Concept
current	Concept
currently	Concept
curved	Concept
curves	Concept
cycle	Concept
cytokine	Concept
cytokine storms	Action
cytokine storms	Concept
cytokines	Concept
dN/dS ratio	Concept
dNTP	Concept
daily	Concept
dailyobserved	Concept
damage	Action
damage	Concept
darunavir	Concept
data	Concept
date	Concept
day	Concept
days	Concept
death	Action
death	Concept
death rate	Concept
deaths	Action
deaths	Concept
decay-induced	Concept
deciding	Action
deciphering	Action
declaration	Action
declared	Action
decrease	Action
decreased	Action
decreased	Concept
decreases	Action
deep	Concept
defects	Concept
deficiency	Concept
define	Action
defined	Action
defined as	Action
definition	Concept
degenerate	Concept
degraded	Action
delay	Action
delay	Concept
delayed	Concept
delays	Action
deletion	Action
deletion	Concept
demonstrate	Action
demonstrated	Action
demonstrating	Action
demonstration	Action
denaturation	Action
dengue	Concept
density	Concept
department	Concept
department,	Concept
depend	Action
depend on	Action
dependent	Action
dependent	Concept
depends	Action
depends on	Action
dephosphorylation	Action
dephosphorylation	Concept
depletion	Action
depletion	Concept
depressive	Concept
depressive symptoms	Concept
deprivation	Action
derived	Action
descent	Concept
design	Action
designed	Action
designed	Concept
desquamation	Action
desquamation	Concept
destabilize	Action
destroy	Action
destruction	Action
detect	Action
detectable	Action
detectable	Concept
detected	Action
detected	Concept
detection	Action
detection	Concept
detection of resistance mutations	Concept
detergent heads	Concept
detergent tails	Concept
determine	Action
determined	Action
developed	Concept
development	Action
development	Concept
diagnosed	Action
diagnosis	Action
diagnosis	Concept
diagnostic	Concept
diagnostic method	Concept
diarrhea	Action
diarrhea	Concept
die	Action
die	Concept
differ	Action
difference	Action
difference	Concept
differences	Action
differences	Concept
different	Action
different	Concept
different scaffols	Concept
differential	Concept
differentiating	Action
difficult	Concept
diffuse	Concept
diffusion	Action
digestive system	Concept
dipeptidyl peptidase 4	Concept
diploid	Concept
direct	Concept
direction	Concept
directly	Concept
discharge	Action
discharge	Concept
discontinuous transcription	Action
discontinuous transcription	Concept
discovered	Action
diseas	Concept
disease	Action
disease	Concept
disease control actions	Concept
disease course	Concept
disease outbreaks	Concept
disease progression	Concept
disease resistance	Concept
disease severity	Concept
diseases	Concept
disorder	Concept
disorder segment	Concept
disordered	Concept
disparities	Concept
disparity	Concept
dispersion	Concept
dispersion parameter	Concept
display	Action
displayed	Action
displaying	Action
disrupts	Action
distance	Concept
distance of arrays to the barrier Reb1	Concept
distancing	Action
distantly	Concept
distinct	Concept
distinct contrasts	Concept
distress	Concept
distributed	Action
distribution	Action
distribution	Concept
distributions	Concept
diversifying	Concept
division	Action
division	Concept
doctors	Concept
documented	Concept
domain	Concept
domains	Concept
domesticated	Concept
dominance	Action
dominance	Concept
dominant	Concept
dominate	Action
donor	Concept
dosage	Concept
dose-dependent	Concept
dose-dependent manner	Concept
doubling time	Concept
downturns	Action
downturns	Concept
downward	Concept
drastic	Concept
drawn	Action
drive	Action
driver	Action
droplet	Concept
droplet transmission	Action
droplets	Concept
drug	Concept
drug development	Action
drug development	Concept
drug repositioning strategy	Concept
drug resistance	Action
drug resistance	Concept
drugs	Concept
dry	Concept
dry cough	Concept
ductal	Concept
ductal organoid	Concept
due	Action
duration	Concept
dynamic	Concept
dynamic model	Concept
dynamic process	Concept
dynamics	Action
dynamics	Concept
dysbiosis	Concept
dysfunction	Concept
eIF4E	Concept
each other	Concept
earlier	Concept
earliest sequenced SARS-CoV-2	Concept
early	Concept
early stage	Concept
early stages	Concept
easily	Concept
echo	Concept
edema	Action
edema	Concept
effect	Action
effect	Concept
effective	Action
effective	Concept
effectively	Concept
effectiveness	Concept
effects	Action
effects	Concept
efficacy	Concept
efficiency	Action
efficiency	Concept
efficient	Concept
efficiently	Concept
efforts	Concept
elderly	Concept
elevated	Action
elevated	Concept
elevated IL-33 levels	Concept
elevation	Action
elevation	Concept
eliminated	Action
elongation	Concept
elongation complexes	Concept
elucidated	Concept
emdoin	Concept
emerge	Action
emerged	Action
emergence	Action
emergency	Concept
emergency department	Concept
emerging	Concept
empiric	Concept
empirical	Concept
empirical estimation	Action
enable	Action
encoded	Action
encoded	Concept
encouragement	Action
encouragement	Concept
end	Action
endogenous MAD1	Concept
endoplasmic	Concept
endoplasmic reticulum-Golgi intermediate compartment	Concept
endothelial cells	Concept
energy	Concept
energy minimized	Action
energy snapshot	Concept
enhance	Action
enhanced	Concept
enriched	Action
enrichment	Action
entered	Action
entering	Action
entire	Concept
entry	Action
entry	Concept
envelope	Concept
environmental capsids	Concept
environmental factors	Concept
environments	Concept
enzymes	Concept
epidemic	Action
epidemic	Concept
epidemic areas	Concept
epidemic development	Concept
epidemic dynamic	Concept
epidemic information	Concept
epidemic period	Concept
epidemics	Concept
epidemiologic tracking	Concept
epidemiologica	Concept
epidemiological	Concept
epidemiology	Concept
episodes	Reference
epithelial	Concept
epithelial cells	Concept
epithelium mainly	Concept
epitopes	Concept
equal	Concept
equivalent	Action
erroneous	Concept
erroneous attachments	Concept
escape 300	Concept
escape from	Action
especially	Concept
essential	Concept
establish	Action
established	Action
establishment	Action
estimate	Action
estimate	Concept
estimated	Action
estimated	Concept
estimated mean PPID	Concept
estimates	Action
estimates	Concept
estimation	Concept
events	Concept
eventually	Concept
evidence	Action
evidence	Concept
evidences	Concept
evolution	Action
evolution	Concept
evolutionarily convergent	Concept
evolutionary	Concept
evolutionary convergence	Action
evolve	Action
exacerbate	Action
exacerbated	Action
exacerbation	Action
exacerbations	Action
exacerbations	Concept
examination	Action
examination	Concept
examined	Action
examining	Action
example	Concept
exceed	Action
excellent performances	Concept
excessive	Concept
excessive synthesis of IL-6	Concept
exchange	Concept
exclusively	Concept
exercise	Concept
exhausted	Action
exhausted	Concept
exhaustion	Action
exhaustion	Concept
exhaustion markers	Concept
exhibited	Action
exhibiting	Action
exhibits	Action
existence	Action
existence	Concept
existing	Concept
existing drugs	Concept
exon-9	Concept
expect	Action
expectation	Reference
expected	Action
experience	Concept
experienced	Action
experiencing	Action
experimental	Concept
experiments	Concept
experiments	Reference
explain	Action
explaining	Action
exponential	Concept
exponential rise	Action
exposed	Action
exposed	Concept
exposure	Action
exposure route	Action
expressed	Action
expressed	Concept
expressing	Action
expression	Action
expression	Concept
expression level	Concept
expression of fibrinogen	Concept
extracellular	Concept
extraction	Concept
extreme	Concept
exudates	Concept
eye	Concept
eye disease	Concept
face	Concept
face mask	Concept
facemask	Concept
facilitate	Action
facilitating	Action
facing	Action
factor	Action
factor	Concept
factors	Concept
fail	Action
failure	Action
failure	Concept
fall	Action
false positive	Concept
false positives	Concept
familial	Concept
families	Concept
family	Concept
fasciculus	Concept
fast	Concept
faster	Concept
fatal	Concept
fatality	Concept
fatality rate	Concept
fatigue	Concept
fatty	Concept
fatty acid	Concept
fatty acids	Concept
favorable	Concept
feature	Concept
features	Concept
feeding	Action
female	Concept
fermentation	Action
fermentation	Concept
fetal	Concept
fever	Concept
few as 2 days	Concept
fewer	Action
fewer	Concept
fiber	Concept
fibers	Concept
fibrillation	Concept
fibroblasts	Concept
fibromyxoid	Concept
fibrous	Concept
fibrous lesion	Concept
fidelity	Concept
field	Concept
fierce	Concept
filter	Concept
finally	Action
financial	Concept
financial and health implications	Concept
finding	Action
findings	Action
findings	Concept
findings	Reference
finger	Concept
first	Concept
first (second) week in the February 2-15	Concept
first deaths	Concept
first time	Concept
fission	Concept
fission products	Concept
fitness	Concept
five	Concept
fixed-target PCR	Concept
flap	Concept
flexible	Concept
flu	Concept
flu vaccine	Concept
fluctuations	Concept
fluid	Concept
fluid exchange	Action
fluids	Concept
focus	Concept
folding	Concept
folding pattern	Concept
folds	Action
folds	Concept
followed	Action
following	Action
following	Concept
following first (second) week	Concept
follows	Action
foot and mouth disease	Concept
foot and mouth disease virus	Concept
force	Concept
force field	Concept
forcing	Action
form	Concept
formation	Action
formation	Concept
former	Reference
found	Action
found	Concept
founder	Concept
four	Concept
four weeks	Concept
fraction	Concept
fragments	Concept
framework	Concept
fredox	Concept
frequent	Concept
from	Action
from around the world	Concept
fronto-occipital	Concept
full	Concept
full spike region	Concept
full system	Concept
full-time	Concept
fully assembled	Concept
function	Concept
function(s)	Action
functional	Action
functional	Concept
functional receptor	Concept
functions	Concept
fundamental	Concept
fungal	Concept
fungus	Concept
further	Concept
future	Concept
future research	Concept
gas	Concept
gatherings	Concept
gender	Concept
gene	Concept
general	Concept
generalized	Concept
generalized circulation	Concept
generate	Action
generated subsequences	Concept
generation	Action
generation-interval	Concept
genes	Concept
genes EDS1	Concept
genetic	Concept
genetic intervention	Concept
genetic similarity	Concept
genetically	Concept
genome	Concept
genome size	Concept
genomes	Concept
genomic	Concept
genomic data	Concept
genomic stability	Concept
genotyping	Action
genotyping	Concept
given	Action
given	Concept
given position	Concept
glial cells	Concept
global	Concept
global health	Concept
global public health emergency	Concept
global spread	Concept
gloves	Concept
glucocorticoid	Concept
glutamic acid	Concept
glycan	Concept
glycine	Concept
goal	Concept
goal	Reference
good	Concept
gradually	Concept
graft versus host disease	Concept
great	Concept
greater	Action
greater	Concept
greatest	Concept
greatly	Concept
grids	Concept
ground glass	Concept
ground glass opacity	Concept
ground-truth	Concept
ground-truth label	Concept
group	Concept
groups	Concept
groups of humans in close contact	Concept
growth	Action
growth	Concept
growth performance	Concept
growth rate	Concept
gut	Concept
gut dysbiosis	Concept
gyri	Concept
gyrus	Concept
had	Action
had been facing	Action
half	Concept
half the amplitude	Concept
hampered	Concept
hand	Concept
hands	Concept
harbored	Action
harbors	Action
harbours	Concept
has	Action
has been associated	Action
has been characterized	Action
has been described	Action
has been verified	Action
has declared	Action
has spread	Action
have	Action
have been associated	Action
have been observed	Action
have established	Action
have even incorporated	Action
have found	Action
have reduced	Action
have shown	Action
have to spent	Action
having	Action
having re-acquired	Action
head	Concept
head domain	Concept
health	Concept
health authorities	Concept
health emergency	Concept
health threat	Concept
health-care workers	Concept
healthcare	Concept
healthcare worker	Concept
healthy	Concept
healthy controls	Concept
heart	Concept
heart failure	Action
heart failure	Concept
heat map	Concept
heat shock protein 90 alpha family class A member 1	Concept
heat-triggered	Concept
helical	Concept
helicase	Concept
helix	Concept
help	Action
helped	Action
helpful	Concept
helps	Action
hemagglutinin	Concept
hemagglutinin-induced	Concept
hematologic	Concept
hematological system	Concept
hematopoietic cellular transplant	Concept
hemisphere	Concept
hemodynamic	Concept
hemodynamic support	Concept
hepatitis virus strain-3 infection	Concept
hetero-hexadecamer	Concept
heterogeneously	Concept
heterozygosity	Concept
hexamer	Concept
high	Action
high	Concept
high adaptability	Concept
high rates	Concept
high resolution	Concept
high resolution models	Concept
high risk	Concept
high risk factors	Concept
high spatial fidelity	Concept
high temperatures	Concept
high-affinity	Concept
high-affinity binding	Action
high-quality	Concept
high-resolution homology modeling	Action
high-resolution homology modeling method	Concept
high-risk	Concept
high-risk group	Concept
higher	Action
higher	Concept
higher distributions	Concept
highest	Concept
highlights	Action
highly	Concept
hinder	Concept
hippocampal	Concept
history	Concept
hits	Concept
holes	Concept
homeostasis	Action
homology	Action
homology	Concept
homopolymeric	Concept
horizontal	Concept
horizontal gene transmission	Concept
hospital	Concept
hospital	Reference
hospital admission	Concept
hospitalised	Concept
hospitalization	Action
hospitalization	Concept
hospitalized	Concept
hospitals	Concept
host	Concept
host cell	Concept
host cells	Concept
host gene	Concept
host gene expression	Concept
host immune response genes	Concept
host immunologic response	Concept
host proteins	Concept
host response	Concept
host's	Concept
host-specific	Concept
host-specific fitness	Concept
households	Concept
huMAN cells	Concept
human	Concept
human cells	Concept
human disease	Action
human immune responses	Concept
human immunodeficiency virus	Concept
human liver	Concept
human populations	Concept
human telomerase	Concept
human telomerase RNA	Concept
human to human	Concept
human to human transmission	Concept
human-to-human	Concept
human-to-human contact	Concept
human-tohuman transmission	Action
humans	Concept
humidity	Concept
hundreds to thousands	Concept
hundreds to thousands of cases	Concept
hyaline	Concept
hyaline membrane	Concept
hydrolysis	Action
hygiene	Concept
hyper	Concept
hypersensitivity	Action
hypersensitivity	Concept
hypothesize	Action
hypoxemia	Concept
iNO gas	Concept
identical	Action
identification	Action
identified	Action
identified,	Action
identify	Action
identifying	Action
identity	Action
identity	Concept
identity scale	Concept
ike	Action
ill	Concept
illness	Concept
illnesses	Concept
imaging	Action
imaging	Concept
immune	Concept
immune disorder	Concept
immune response	Action
immune response	Concept
immune system	Concept
immune-regulating	Concept
immunity	Action
immunity	Concept
immunity against	Action
immuno-depletion	Concept
immunocompromised patients	Concept
immunodepletion	Action
immunodepletion	Concept
immunoglobulin	Concept
immunologic	Concept
immunologic response	Concept
immunosuppressed	Concept
immunosuppressive	Concept
impact	Action
impairment	Concept
imperfect	Concept
implanted	Action
implementation	Action
implementation	Concept
implemented	Action
implications	Concept
importance	Concept
important	Action
important	Concept
imported	Concept
imposed	Action
imposed	Concept
improve	Action
improved	Action
improved	Concept
improves	Action
in addition to vitamin D	Concept
in comparison	Concept
in silico drug repurposing framewor	Concept
in the same way	Reference
in vitro	Concept
in vivo	Concept
in vivo cortical	Concept
in-cell	Concept
inadvertently	Concept
inbred	Concept
incapacity	Concept
incidence	Concept
incidence rate	Concept
include	Action
included	Action
including	Action
increase	Action
increased	Action
increased	Concept
increased expression	Action
increases	Action
increasing	Action
incubating	Action
incubation	Action
incubation	Concept
incubation period	Concept
incubation time	Concept
index	Concept
indicate	Action
indicated	Action
indicates	Action
indicating	Action
indicator	Action
indicator	Concept
indirect	Concept
individual	Concept
individuals	Concept
individuals'	Concept
induced	Action
induces	Action
inefficient	Concept
infant	Concept
infect	Action
infected	Action
infected	Concept
infected individuals	Concept
infecting	Concept
infection	Action
infection	Concept
infection case	Concept
infection fatality risk (IFR)	Concept
infection nodes	Concept
infection rates	Concept
infections	Action
infections	Concept
infectious	Concept
infectious particle	Concept
infectious period	Concept
infectiousness	Concept
infectives	Concept
infectivity	Concept
inferior	Concept
inferior fronto-occipital fasciculus	Concept
inferior longitudinal fasciculus	Concept
inferior temporal gyri	Concept
inflammation	Action
inflammation	Concept
inflammatory	Concept
influence	Action
influence	Concept
influenza	Concept
influenza A (H1N1)	Concept
influenza virus infections	Concept
inform	Action
information	Concept
infrared	Concept
inhibited	Action
inhibition	Action
inhibitor	Action
inhibitor	Concept
inhibitors	Concept
inhibitory	Action
inhibitory	Concept
inhibitory activity	Concept
inhibitory effect	Concept
inhibitory effect of darunavir	Concept
initial	Concept
initial stage	Concept
initially	Concept
initiate	Action
injury	Action
injury	Concept
innate	Concept
input	Concept
input chest	Concept
insertion	Action
insertion	Concept
insidious	Action
insidious	Concept
insight	Concept
inspecting	Action
inspecting	Concept
instructed	Action
insult	Concept
interact	Action
interacted	Action
interacting	Action
interacting	Concept
interaction	Action
interaction	Concept
interactions	Action
interactions	Concept
interactions with	Action
interactive	Concept
interactome	Concept
interacts	Action
intercity	Concept
interface	Concept
interface sequence	Concept
interfaces	Concept
interferon	Concept
interferon-MAPK	Concept
interferon-stimulated	Concept
interleukin-6	Concept
interleukin-6 (IL-6)	Concept
intermediate compartment	Concept
intermediates	Concept
interpersonal transmission capabilities	Concept
interval	Concept
intervention	Action
intervention	Concept
interventions	Action
interventions	Concept
into	Concept
intracellular	Concept
intracellular origin	Action
intravenous	Concept
intravenous immunoglobulin	Concept
intrinsic	Concept
intrinsic disorder	Concept
introducing	Action
introducing	Concept
introducing bias	Concept
introduction	Action
invade	Action
invade host cells	Concept
invasion	Action
invasion	Concept
inverse	Concept
investigate	Action
investigation	Concept
investment	Concept
involved	Action
involved	Concept
involving	Action
ion	Concept
ion NTP hydrolysis	Action
is	Action
is due	Action
is half	Action
is sufficient	Action
is the key	Action
isolate	Action
isolate	Concept
isolated	Action
isolates	Concept
isolation	Action
isolation	Concept
isopropyl ether 172	Concept
it	Concept
it	Reference
its	Reference
its receptor	Concept
itself	Concept
jelly	Concept
justification	Concept
k	Concept
keep	Action
key	Concept
key point	Concept
key point for	Action
key residues	Concept
key role	Concept
key to	Action
kicks	Concept
kicks in	Action
kidney	Concept
kidney disease	Action
kidney function	Concept
kidney impairment	Action
killer	Concept
kinetics	Concept
kinetochore	Concept
kinetochore attachments	Concept
kinetochores	Concept
knowledge	Concept
lab	Concept
laborious	Concept
lack of knowledge	Concept
lack of treatment	Concept
lacking	Concept
landscapes	Concept
lane 3	Concept
large	Concept
large value	Concept
large-scale	Concept
larger	Concept
largest	Concept
last	Concept
late	Concept
late 2019	Concept
late-December 2019	Concept
latent	Concept
later	Action
later	Concept
latter	Reference
law	Concept
lead	Action
leading	Action
leading to	Action
leads	Action
learn	Action
learning	Action
learning	Concept
least	Concept
least vulnerable	Concept
led	Action
left	Concept
left hemisphere posterior superior	Concept
length	Concept
lengths	Concept
lesion	Concept
lesions	Concept
less	Action
less	Concept
lesser	Concept
lesser developed	Concept
lethal	Concept
lethal outcomes	Concept
level	Concept
level of cross-immunity	Concept
level of exercise	Concept
levels	Concept
levels of LDH	Concept
levels of prealbumin	Concept
levels of prevented cases	Concept
library	Concept
life	Concept
life cycle	Action
life cycle	Concept
life satisfaction	Concept
ligand	Concept
ligands	Concept
like	Action
likely	Concept
limit	Action
limited	Action
limited	Concept
limited data	Concept
limiting	Concept
lineage	Concept
lineage B	Concept
lineage C	Concept
lineages	Concept
linear double-stranded DNA	Concept
linear double-stranded DNA plasmids	Concept
lines	Concept
linked	Action
linker	Concept
linker lengths	Concept
lipases	Concept
lipases,	Concept
liposomes	Concept
liposomes,	Concept
little	Concept
lived	Action
liver	Concept
liver injury	Concept
living	Action
load	Concept
loaded	Concept
local	Concept
localized	Action
location	Concept
locations	Concept
lockdown	Action
lockdown	Concept
long	Concept
long after	Concept
long disorder segment	Concept
long time	Concept
long-term	Concept
longer	Action
longer	Concept
longitudinal	Concept
look-back windows	Concept
loop	Concept
loops	Concept
lopinavir	Concept
loss	Action
loss	Concept
low	Concept
low as 0.1 aM	Concept
low resolution	Concept
low temperatures	Concept
lower	Action
lower	Concept
lower-case	Concept
lowest	Concept
lowest energy snapshot	Concept
lung	Concept
lung epithelial cell	Concept
lung epithelial cells	Concept
lung epithelium	Concept
lung macrophage	Concept
lung mask	Concept
lungs	Concept
lymphocyte	Concept
lymphocyte levels	Concept
lymphocytes	Concept
lymphocytopenia	Concept
lymphopenia	Concept
lysis	Concept
lysis/binding	Concept
mCherry-Mis12-MAD1 AA	Concept
mNGS	Concept
mRNA	Concept
mRNA pseudoknot	Concept
mRNAs	Concept
machinery	Concept
macrophages	Concept
main	Concept
main protease	Concept
mainly concentrated	Concept
maintain	Action
maintains	Action
maintenance	Action
majority	Concept
makes	Action
malaria	Concept
male	Concept
males	Concept
mammalian	Concept
mammals	Concept
managed	Action
managemen	Concept
management	Action
management	Concept
manifestations	Action
manifestations	Concept
manifestations of SARS-CoV-2	Concept
many	Concept
marked	Concept
marker	Action
marker	Concept
marker levels	Concept
markers	Concept
mask	Concept
matches	Action
maternity	Concept
mathematical	Concept
matter	Concept
maximum	Concept
may be	Action
mean	Concept
mean PPID	Concept
mean PPID of 10.31%	Concept
mean generation interval	Concept
mean-field	Concept
measure	Action
measurement	Action
measurement	Concept
measures	Action
measures	Concept
mechanical	Concept
mechanism	Concept
mechanisms	Concept
mechanistically	Concept
median	Concept
mediate	Action
mediated	Concept
medical	Concept
medication	Concept
medication dosage	Concept
meet	Action
meets	Action
members	Concept
membrane	Concept
membrane permeabilization	Concept
membrane protein	Concept
mental	Concept
mental health	Concept
mental health problems	Concept
merging	Action
metaphase kinetochores	Concept
metapopulations	Concept
metazoan	Concept
metazoan signaling	Concept
method	Concept
methods	Concept
mice	Concept
microarray approaches	Concept
microarrays	Concept
microbe	Concept
microbes	Concept
microbes transcriptionally	Concept
microbial	Concept
microbial composition	Concept
microbial detection	Concept
microbiome	Concept
microglial-targeted	Concept
microglial-targeted radiotracer	Concept
middle	Concept
middle temporal gyri	Concept
migrants	Concept
mild	Concept
milder	Concept
milieu	Concept
mimic infection	Concept
minimized	Action
missed	Concept
missing	Action
mix	Concept
mobility	Concept
mobility reduction	Concept
mock	Concept
model	Concept
model	Reference
model amyloidogenic peptide derived from IAPP	Concept
model outputs	Concept
modeled	Concept
modeled proteins	Concept
modeling	Action
models	Concept
moderately	Concept
modified	Concept
modulating	Action
molecular	Concept
molecular diagnosis	Action
molecule	Concept
molecules	Concept
monitoring	Action
monitoring	Concept
monkeys	Concept
monkeys with SARS-CoV-2 infection	Concept
monoclonal	Concept
monocytes	Concept
morbidity	Concept
more	Action
more	Concept
more contagious	Concept
more likely	Concept
morphology	Concept
mortality	Action
mortality	Concept
most	Concept
most ciliated Eukaryotes	Concept
most significant	Concept
most studied	Concept
mothers	Concept
motif	Concept
motif	Reference
motif VI	Concept
motifs	Concept
motivates	Action
motor	Concept
mouse	Concept
mouse model	Concept
movement	Action
movement	Concept
moving	Action
much higher	Concept
multi-organ damage	Concept
multi-organ dysfunction	Concept
multicellularity	Concept
multifunctional	Concept
multiple	Concept
murine	Concept
murine hepatitis	Concept
muscle	Concept
mutagenesis	Action
mutagenesis	Concept
mutant	Concept
mutation rate	Concept
mutations	Action
mutations	Concept
myalgia	Concept
myalgia/fatigue	Concept
myocardial	Concept
myocardial damage	Concept
myocardial enzymes	Concept
myocardial injury	Concept
n	Concept
n= 0.92	Concept
n= 1.02	Concept
n=1.7	Concept
n=3	Concept
n=5	Concept
naphthyl ring system	Concept
nasal	Concept
nasal symptoms	Concept
nasopharyngeal	Concept
national	Concept
ndividuals	Concept
near	Concept
near-infrared	Concept
necessary	Action
necessary	Concept
need	Action
need	Concept
needed	Action
needed	Concept
negative	Concept
negative binomial	Concept
negative controls	Concept
negative testing	Concept
negatively	Concept
nephrotoxic	Concept
network based	Concept
network proximity	Concept
network proximity analysis	Action
neurological	Concept
neurological manifestations	Concept
neutralize	Action
neutralizing	Concept
neutrophils	Concept
new	Concept
new cases	Concept
new infection case	Concept
newborns	Concept
newly	Concept
niches	Concept
nine	Concept
nitrogen atom	Concept
nocodazole	Concept
nodes	Concept
non-A blood groups	Concept
non-O blood groups	Concept
non-accidental	Concept
non-functional	Concept
non-invasive	Concept
non-neutralizing	Concept
non-severe	Concept
noninfectious inflammatory conditions	Concept
normal	Concept
normal diploid genomes	Concept
norovirus	Concept
norovirus 24	Concept
not	Reference
not closer	Concept
not exactly the same	Concept
not inbred lab strains	Concept
not targeted	Action
not uniform	Concept
notably reduced	Action
noted	Action
noteworthy	Concept
novel	Concept
novel coronavirus disease	Concept
now	Concept
nsp8-9	Concept
nsp8-9 cleavage site	Concept
nucleic	Concept
nucleic acid	Concept
nucleocapsid	Concept
nucleocapsid (N) protein	Concept
nucleosome density	Concept
nucleotide	Concept
nucleotide mutations	Concept
nucleotides	Concept
numbe	Concept
number	Concept
number of cases	Concept
number of infections	Concept
number of new cases	Concept
numbers	Concept
n°1	Concept
objective	Concept
observed	Action
obtain	Action
obvious	Concept
occur	Action
occurred	Action
occurrence	Action
occurs	Action
off-diagonal	Concept
official	Concept
olaparib	Concept
old	Concept
older	Concept
older men	Concept
oldest	Concept
omegasome pathway	Concept
on admission	Concept
one	Concept
one	Reference
one case	Concept
one new infection case	Concept
one of whom	Concept
one pair	Concept
one-third	Concept
ongoing	Concept
only	Concept
only negative weights	Concept
onset	Action
onset	Concept
onset of COVID-19	Concept
opacity	Concept
open	Concept
operations	Concept
opposite	Concept
optic fibers	Concept
optical	Concept
optical probe	Concept
oral sex	Concept
oral/anal sex especially	Concept
order	Concept
organ	Concept
organ injury	Concept
organic	Concept
organic injury	Action
organism	Concept
organisms	Concept
organization	Concept
organoid cultures	Concept
oriI locus	Concept
oriented	Concept
origin	Action
origin	Concept
original	Concept
original library	Concept
original virus genome sequence	Concept
originally	Concept
originated from	Action
origins	Concept
oropharyngeal microbe	Concept
other	Concept
other	Reference
other Coronavirus organism	Concept
other betacoronaviruses	Concept
other clades	Concept
other coronavirus strains	Concept
other coronaviruses	Concept
other pA sequences	Concept
other species	Concept
other viruses	Concept
others	Concept
others	Reference
our	Reference
our cases	Concept
our sample period	Reference
our samples	Concept
our study	Concept
outbreak	Action
outbreak	Concept
outbreaks	Action
outbreaks	Concept
outcomes	Concept
output	Action
outputs	Concept
outside	Concept
outside of the animal kingdom	Concept
over	Concept
over 1,000	Concept
over 90%	Concept
over time	Concept
overall	Concept
overall fitness	Concept
overdispersion	Concept
overestimation	Action
overestimation	Concept
overexpressed	Action
overexpressed	Concept
overexuberant	Concept
overwhelm	Action
oxygenation	Action
p38	Concept
p38 phosphorylation	Concept
pA	Concept
pGKL	Concept
pGKL plasmids	Concept
packing	Action
packing	Concept
paid attention	Action
pandemic	Concept
panel	Concept
pangolin P1E virus	Concept
parainfluenza	Concept
paralogs	Concept
parameter	Concept
parameters	Concept
parenchymal staining	Concept
parents	Concept
partially assembled	Concept
participates	Action
particle	Concept
particles	Concept
particular	Concept
particular time	Concept
particularly	Reference
passages	Concept
past	Concept
patches	Concept
patchy	Concept
patchy shadows	Concept
path	Concept
pathogen	Concept
pathogenesis	Concept
pathogenic	Concept
pathogenic mutations	Concept
pathogenicity	Action
pathogenicity	Concept
pathogens	Concept
pathological	Concept
pathology	Concept
pathway	Concept
pathways	Concept
patient	Concept
patients	Concept
patients'	Concept
patients' prognosis	Concept
pattern	Concept
patterns	Concept
paying attention	Action
pcMNPs	Concept
pcMNPs-based	Concept
pcMNPs-based method	Concept
peak	Concept
pediatric	Concept
pediatric patients	Concept
pending	Action
pending	Concept
people	Concept
peptide	Concept
peptide-9	Concept
peptides	Concept
per villus	Concept
percentage	Concept
perception	Action
perception	Concept
performed	Action
perfusion	Action
perfusion system	Concept
period	Concept
peripheral	Concept
peripheral lymphocytopenia	Concept
permeabilization	Concept
permits	Action
perpendicularly	Concept
perpendicularly oriented	Concept
persistence	Action
persistent	Action
persistent	Concept
persisting	Concept
person	Concept
person to person	Concept
person-to-person	Concept
persons	Concept
perturbation	Action
phage	Concept
pharmacokinetic profile of CVL218	Concept
pharyngeal	Concept
phase	Concept
phase 1	Concept
phase 2	Concept
phase 3	Concept
phases	Concept
phosphorylation	Action
phylogenetic	Concept
phylogenetic uniting	Action
phylogenetically	Concept
phylogenetically close	Concept
physician	Concept
physician's	Concept
pig 146 ACE2	Concept
pigs	Concept
place	Concept
planned	Action
plaque assay	Concept
plasma	Concept
plasmids	Concept
playing	Action
plays	Action
pneumocytes	Concept
pneumonia	Action
pneumonia	Concept
pneumonitis	Concept
pocket	Concept
points	Action
polarized	Concept
policies	Concept
policy	Concept
poliovirus	Concept
poliovirus 23	Concept
polyampholytic	Concept
polymerase	Concept
polymerase replication machinery	Concept
polymerase subunits	Concept
polymerases	Concept
pools	Concept
poor	Concept
poor immunity	Concept
poor substrate	Concept
poorly	Concept
population	Concept
population immunity	Concept
population mobility	Concept
populations	Concept
position	Concept
positioning	Action
positions	Concept
positive	Action
positive	Concept
positive control	Concept
positive diversifying	Concept
positive-sense	Concept
positive-strand	Concept
positively	Concept
possible	Action
possible	Concept
post-mortem	Concept
posterior	Concept
potent	Concept
potentia	Concept
potential	Concept
potential evolution	Concept
potential therapeutic effect	Concept
potentially	Concept
potentially exposed	Concept
powerful	Concept
pragmatically	Concept
prealbumin	Concept
preceding	Concept
precipitation	Concept
precisely	Concept
predict	Action
predicted	Action
predicted	Concept
predicted disordered segment	Concept
prediction	Action
prediction	Concept
prediction results	Concept
predictions	Concept
predicts	Action
preference	Action
preference	Concept
preliminary	Concept
prepared	Concept
preprocessed	Concept
presence	Action
presence	Concept
presenilin-1	Concept
present	Action
presentation	Concept
presented between	Action
presenting as	Action
presents	Action
preserved	Action
president	Concept
presymptomatic	Concept
presymptomatic transmission	Concept
preterm	Concept
prevalence	Concept
prevalence of COVID-19	Concept
prevent	Action
prevent	Concept
prevented	Concept
prevention	Action
prevention	Concept
preventive	Concept
prevents	Action
previous	Concept
previously	Concept
primary	Concept
primers	Concept
principal	Concept
principle	Concept
prioritise	Action
priority	Concept
pro	Concept
pro-inflammatory	Concept
pro-inflammatory cytokines	Concept
probability	Concept
probe	Concept
problems	Concept
procedure	Concept
process	Concept
processing	Action
processing order	Concept
processing steps	Concept
produce	Action
produced	Action
produces	Action
producing	Action
product	Concept
products	Concept
profile	Concept
profiling	Action
prognosis	Action
prognosis	Concept
prognostic	Concept
programme	Concept
progress	Action
progresses to	Action
progression	Action
proinflammatory	Concept
prolonged	Concept
prominent	Action
prominent	Concept
promote	Action
promotion	Action
properties	Action
properties	Concept
proportion	Concept
proportionally	Concept
proposed	Action
protease	Concept
protease inhibitors	Concept
protease-enhanced	Concept
proteases	Concept
proteasomal	Concept
proteasomal cleavage	Concept
proteasome	Concept
protect	Action
protection	Action
protection	Concept
protective	Concept
protective antibodies	Concept
protective materials	Concept
protein	Concept
protein-protein	Concept
protein-protein interactions	Concept
proteins	Concept
proteome	Concept
proved	Action
provide	Action
providing	Action
provinces	Concept
provision	Action
provokes	Action
pseudoknot	Concept
psychiatric	Concept
psychological	Concept
psychological treatment	Concept
public	Concept
public health	Concept
public health concern	Concept
public health threat	Action
published	Concept
published crystal structure	Concept
pulmonary	Concept
pulmonary inflammation	Concept
pulmonary pathogen	Concept
pulmonary pathogenicity	Concept
purifying	Concept
pursued	Action
pxMNPs	Concept
pyogenes	Concept
qPCR	Concept
quarantine	Action
quarantine	Concept
quick	Concept
quickly	Concept
quiescence	Action
quiescence	Concept
r	Concept
r-selected	Concept
r-selected K276R substitution	Concept
rRNA	Concept
radiological	Concept
radiotracer	Concept
range	Concept
range 126 -147 days	Concept
rapid	Concept
rapid human-tohuman transmission	Concept
rapidly	Concept
rare	Action
rare	Concept
rat	Concept
rate	Concept
rates	Concept
rates of overdispersion	Concept
ration	Action
re-acquired	Action
re-infected	Concept
reaches	Action
reaches over	Action
reaction	Action
reaction	Concept
reactions	Concept
read	Concept
read length	Concept
reads	Concept
real	Concept
real numbers	Concept
real time RT-20 PCR	Concept
real-time reverse transcription polymerase chain reaction	Concept
real-time reverse-transcriptase polymerase-chain-reaction	Concept
reason	Action
reasonable	Concept
received	Action
recent	Concept
recently	Concept
receptor	Concept
receptor assay results	Concept
receptor binding	Concept
receptor binding domain	Concept
receptor binding motif	Concept
receptor dipeptidyl peptidase 4	Concept
receptor-binding domain	Concept
receptors	Concept
recipients	Concept
recognition	Action
recognition	Concept
recognized	Action
recognized	Concept
recombinant	Concept
recombinant ACE2	Concept
recombinant S 103 protein	Concept
recombinant SARS-CoV-2	Concept
recombination	Action
recombination	Concept
recovery	Action
recovery	Concept
recruiting	Action
rectal swabs	Concept
recurrence	Action
recurrence	Concept
red	Concept
reduce	Action
reduced	Action
reduced	Concept
reduces	Action
reducing	Action
reducing the airborne	Concept
reduction	Action
redundant	Concept
reference-sequence-based	Concept
reflects	Action
refractory	Concept
refractory hypoxemia	Concept
refractory metabolic acidosis	Concept
regimens	Concept
region	Concept
regional	Concept
regional disparity	Concept
regions	Concept
regions	Reference
regression	Concept
regulate	Action
regulation	Concept
related	Action
related	Concept
related to	Action
relationship	Action
relationship	Concept
relative	Action
relative	Concept
relatively	Concept
release	Action
reliable	Concept
reluctant	Action
remained	Concept
remained detectable	Action
remaining	Concept
remains	Action
remdesivir	Concept
remodeler-specific	Concept
renal	Concept
renal function	Action
renal function	Concept
renal replacement	Concept
replacement	Concept
replication	Action
replication	Concept
replication 301	Concept
replication compartments	Concept
replicative forms	Concept
report	Action
report	Concept
reported	Action
reported	Concept
reported findings	Action
reported,	Action
reports	Concept
represents	Action
repression	Action
repression	Concept
reproduction	Concept
reproduction number	Concept
reproductive	Concept
reproductive number	Concept
repurposing	Action
require	Action
required	Action
required	Concept
requirements	Concept
requires	Action
requiring	Action
research	Concept
resemble	Action
resident T cells	Concept
residue	Concept
residues	Concept
residues 306-575	Concept
residues 424-494	Concept
resistance mutations	Concept
resolved	Action
resolved	Concept
resources	Concept
respiratory	Concept
respiratory air droplets	Concept
respiratory distress	Concept
respiratory droplets	Concept
respiratory failure	Concept
respiratory illnesses	Concept
respiratory infections	Concept
respiratory pathogen	Concept
respiratory pathogenicity	Concept
respiratory pathogens	Concept
respiratory symptoms	Concept
respiratory syndrome	Concept
respiratory system	Concept
responding	Action
response	Action
response	Concept
responses	Concept
responsible	Concept
responsible of	Action
restricting	Action
result	Action
result	Concept
resulted	Action
resulting	Action
resulting	Concept
results	Concept
results	Reference
retain	Action
retaining	Action
retains	Action
reticulum-Golgi	Concept
revealed	Action
reveals	Action
reverse transcription polymerase chain reaction	Concept
rhinovirus	Concept
ring	Concept
ring-173	Concept
ring-finger	Concept
rise	Action
risk	Action
risk	Concept
risk areas	Concept
risk distribution trend	Concept
risk factor	Action
risk factor	Concept
risk group	Concept
risks	Concept
ritonavir	Concept
robustness	Concept
rod-shaped	Concept
role	Action
role	Concept
roles	Concept
root-mean-square fluctuation	Concept
rounded	Concept
rounds	Concept
route	Concept
route for SARS-CoV-2	Concept
rugged	Concept
rule	Concept
s	Concept
s not closer	Action
safety	Concept
salt	Concept
salt bridge	Concept
salt-bridge	Concept
same	Concept
same	Reference
same strain	Concept
same way	Concept
sample	Action
sample	Concept
sample processing steps	Concept
samples	Concept
sampling	Concept
sampling period	Concept
sanitization	Action
sanitization	Concept
satellite	Concept
satellite RNA	Concept
satisfaction	Concept
scaffols	Concept
scale	Concept
scan	Concept
scenario	Concept
scenarios	Concept
school	Concept
school closures	Concept
school-aged	Concept
schools	Concept
score PPID	Action
scored	Action
screening	Action
screening	Concept
screening tests	Concept
sea anenome	Concept
sea urchin	Concept
sea urchin ciliomes	Concept
season	Concept
seasonal	Concept
seasonal variation	Concept
seasonal variation in R0	Concept
seasonality factor	Concept
second	Concept
second	Reference
secondary	Concept
secretion	Action
secretion	Concept
secretions	Concept
segment	Concept
seismic	Concept
selected	Action
selection	Action
selection	Concept
selectively-mediated	Concept
self-isolation	Concept
self-production	Concept
self-quarantine	Action
self-quarantine	Concept
selfisolate	Action
selfisolate	Concept
sensitive	Concept
sensitivity	Concept
septal thickening	Concept
septic shock	Concept
sequence	Concept
sequence and rule	Concept
sequence identity	Action
sequence identity	Concept
sequence similarities	Concept
sequence similarity	Concept
sequenced coronaviruses	Concept
sequences	Concept
sequencing	Action
sequencing	Concept
sequencing comparative	Concept
serial	Concept
serial interval	Concept
serial intervals	Concept
serial intervals estimates	Concept
serial ultrasound	Concept
series	Concept
serine	Concept
serious	Concept
serologic	Concept
serotype	Concept
serotype I	Concept
serum	Concept
serum IL-10	Concept
services	Concept
set	Concept
setting	Concept
settings	Concept
several	Concept
severe	Concept
severe acute respiratory syndrome	Concept
severe acute respiratory syndrome -CoV-2	Concept
severe acute respiratory syndrome coronavirus	Concept
severe acute respiratory syndrome coronavirus 2	Concept
severe influenza A	Concept
severe respiratory disease	Concept
severely	Concept
severity	Action
severity	Concept
sex	Concept
sex behavior	Concept
sexual	Concept
sexual behavior	Concept
sexual transmission	Concept
sgRNAs	Concept
shadows	Concept
shares	Action
shifts	Concept
short	Concept
short time	Concept
shortage	Concept
shortage of protective materials	Concept
shorter	Concept
shorter incubation time	Concept
shortness of breath	Concept
should be	Action
should be observed	Action
show	Action
showed	Action
showing	Action
shown	Action
shows	Action
siRNA	Concept
siRNA silencing	Concept
signal	Concept
signaling	Concept
signaling pathway	Concept
signaling pathways	Concept
signals	Concept
significance	Concept
significant	Concept
significantly	Concept
silencing	Action
silico	Concept
simian virus 40	Concept
simian virus 40 (SV40) pA	Concept
similar	Action
similar	Concept
similar	Reference
similar 58 amino acid	Concept
similar codon usage	Concept
similarities	Concept
similarity	Action
similarity	Concept
simpler	Concept
simplicity	Concept
simulated	Concept
simulation	Concept
simulation trajectory	Concept
simultaneous	Concept
simultaneously	Concept
since 2-week after illness onset	Concept
single	Concept
singlestranded	Concept
sister	Concept
site	Concept
sites	Concept
sites of DNA damage	Concept
situation	Concept
situation	Reference
situations	Concept
six	Concept
six of 15	Concept
six of 15 (40%)	Concept
size	Concept
skeletal	Concept
skeletal muscle	Concept
small	Concept
smaller	Concept
smokers	Concept
snRNA	Concept
so far	Concept
social	Concept
social avoidance	Concept
social network	Concept
solvated	Concept
solve	Action
solved	Concept
solved structure	Concept
some	Concept
soon	Concept
sore throat	Concept
source	Concept
sources	Concept
spatial	Concept
species	Concept
species C	Concept
specific	Action
specific	Concept
specific residues	Concept
specifically	Concept
specificity	Concept
specimens	Concept
spectral	Concept
spectral profile	Concept
spectrum of severity	Concept
speeds	Concept
spike	Concept
spike gene	Concept
spike protein	Concept
splitting	Action
sporulation	Action
sporulation	Concept
sporulation strategy	Concept
spread	Action
spread	Concept
spreading	Action
spreading	Concept
spreads	Action
sputum	Concept
stabilize	Action
stabilizes	Action
staff	Concept
stage	Concept
standardized	Concept
standardized management	Concept
start	Action
starvation	Action
starvation	Concept
state	Concept
statistical	Concept
statistical analysis	Action
statistical analysis	Concept
statistically significant	Concept
statistics	Concept
status	Concept
stay	Action
stay	Concept
steepest	Concept
steepest descent	Concept
stem cells	Concept
stemming	Action
step	Concept
steps	Concept
stimulate	Action
stoichiometry	Concept
stop	Action
storms	Concept
straightforward	Concept
strain	Concept
strain A76	Concept
strain-3	Concept
strains	Concept
strategy	Concept
strength	Concept
stress	Concept
stress response	Action
stretch	Action
strict	Concept
stringent	Concept
strong	Concept
stronger	Concept
strongly	Concept
strongyloidiasis	Concept
structural	Concept
structural biology	Concept
structurally	Concept
structurally unique	Concept
structure	Concept
structures	Concept
studies	Concept
study	Action
study	Concept
study	Reference
study enrollment	Concept
sub-cellualr	Concept
sub-cellualr level	Concept
subclinical cases	Concept
subgenus	Concept
subjects	Concept
subsample	Concept
subspecies	Concept
substituent	Action
substituent	Concept
substitution	Action
substitution	Concept
substitutions	Concept
substrate	Concept
subtype	Concept
subunit structures	Concept
subunits	Concept
success	Concept
successful	Concept
successfully	Concept
suffer	Action
suffered	Action
sufficient	Concept
sufficiently	Concept
sugar	Concept
suggest	Action
suggested	Action
suggested	Concept
suggesting	Action
suggests	Action
suitable	Concept
super-transmission events	Concept
superior	Concept
superior longitudinal fasciculus	Concept
superspreading	Action
support	Concept
supporting	Action
supports	Action
suppress	Action
suppressed	Action
suppressed	Concept
suppression	Concept
surveillance	Action
surveillance	Concept
surveillance system	Concept
survey	Reference
survival	Action
survival	Concept
survival time	Concept
survive	Action
survive	Concept
susceptibility	Concept
susceptible	Action
susceptible	Concept
suspect	Concept
suspect cases	Concept
suspected	Action
suspected	Concept
suspected COVID-19	Concept
suspected of COVID-19	Concept
sustained	Concept
swab	Action
swab	Concept
swab specimens	Concept
swabbing	Action
swabbing GPs	Concept
swabs	Concept
swine	Concept
switch	Action
symptom	Concept
symptom onset	Concept
symptomatic	Concept
symptomatic cases	Concept
symptoms	Concept
syndrome	Concept
synonymous	Concept
synonymous mutations	Concept
synonymous substitution	Concept
synthesis	Action
system	Concept
systemic	Concept
t-th day	Concept
tachycardia	Concept
tail	Concept
tail fiber	Concept
tailed	Concept
taken	Action
target	Action
target	Concept
target RNA	Concept
target and cleave	Action
target tissues	Concept
targeted	Action
targeted specifically to SARS-CoV-2	Concept
targetedly	Concept
targeting	Action
targeting	Concept
targets	Concept
taxol	Concept
technology	Concept
temperature	Concept
template	Concept
temporal	Concept
temporal fidelity	Concept
tends	Action
tens of thousands	Concept
territories	Concept
testing	Action
testing	Concept
tests	Action
tests	Concept
tetraplex qPCR	Concept
tetraplex qPCR assay set n°1	Concept
than	Concept
than	Reference
that	Reference
the earliest sequenced SARS-CoV-2	Concept
the risk	Concept
the scope of pathogens	Concept
them	Concept
therapeutic	Concept
therapeutic effect	Concept
therapeutic shortcut	Concept
therapy	Concept
there are	Action
there is	Action
there were	Action
these	Reference
these episodes	Reference
these same	Reference
they	Reference
thiohemiketal	Concept
third	Concept
third	Reference
this	Concept
this	Reference
those	Concept
those	Reference
threat	Action
threat	Concept
three	Concept
three conserved sequence motifs	Concept
three-stemmed	Concept
threshold	Concept
throat	Concept
through	Action
thumb	Concept
tightly	Concept
time	Concept
time delay	Action
time delay	Concept
time-consuming	Concept
time-lapse	Concept
times	Concept
timing	Concept
tissues	Concept
titer	Concept
to	Action
to achieve	Action
to be elucidated	Action
to know	Action
to occur	Action
to provide	Action
to stabilize	Action
to study	Action
took	Action
tools	Concept
total	Concept
totally	Concept
tourism	Concept
tourism history	Concept
toxin	Concept
traced	Action
traced	Concept
tracing	Action
tract	Concept
traffic	Concept
trained	Concept
training	Concept
trajectory	Concept
transcript	Concept
transcriptional	Concept
transcriptionally active	Concept
transcriptome	Concept
transcriptomic signature	Concept
transfection	Concept
transfection agents	Concept
transfer	Action
transfer	Concept
transgenic	Concept
transition	Action
transition	Concept
transitions	Action
translate	Action
translated	Action
translated	Concept
transmissibility	Action
transmissibility	Concept
transmissibility reduction	Concept
transmission	Action
transmission	Concept
transmission approaches	Concept
transmission mode	Concept
transmission patterns	Concept
transmission route	Concept
transmitted	Action
transparent	Concept
transplant	Concept
transport	Action
transport	Concept
transportation	Concept
transporter	Action
transporter	Concept
travel	Concept
treat	Action
treating	Action
treatment	Action
treatment	Concept
treatment failure	Concept
treatments	Concept
trend	Action
triggered	Action
triggers	Action
true	Concept
tumor	Concept
tumor necrosis factor	Concept
two	Concept
two	Reference
two batches	Concept
two to three	Concept
two-dimensional	Concept
type	Concept
type 1 inflammatory cues	Concept
types	Concept
typical	Concept
ubiquitin	Concept
ubiquitinated	Action
ultrasound	Concept
unattached	Concept
unclassified	Concept
under various environmental conditions	Concept
underlying	Action
underlying	Concept
underlying disease	Concept
understanding	Action
understood	Concept
unidentified	Concept
uniform	Concept
uniformly	Concept
uninfected	Concept
unique	Concept
unique capacities	Concept
unique interferon-stimulated 28 gene (ISG) transcriptomic signature	Concept
unique world	Concept
uniting	Concept
unity	Concept
unknown	Concept
unlikely	Concept
unrecognized	Concept
unstructured	Concept
until day 11 and 18	Concept
up to	Action
up to 14 days	Concept
up to 4 days	Concept
update	Action
upper	Concept
upper bound	Concept
upper respiratory tract	Concept
urea	Concept
urea denaturation	Concept
urinary system	Concept
usable	Action
usable	Concept
usage	Action
use	Action
used	Action
used to induce	Action
useful	Concept
uses	Action
uses	Concept
using	Action
using metapopulations	Concept
usually	Concept
utilizes	Action
uveitis	Concept
vaccine	Concept
vaccines	Concept
vaginal	Concept
vaginal sex	Concept
valid	Concept
validation	Action
value	Concept
values	Concept
values	Reference
variables	Concept
variants	Concept
variation	Action
variation	Concept
varied	Action
varied	Concept
various	Concept
ventilation	Concept
ventilatory support	Concept
verified	Action
version 4.5.7	Concept
very cautious	Concept
very high	Concept
vesicular stomatitis virus	Concept
vicious	Concept
views	Concept
viral	Concept
viral 112 transcripts	Concept
viral RNA	Concept
viral entry	Concept
viral existence	Concept
viral genomes	Concept
viral genomics	Concept
viral growth	Action
viral infection	Action
viral infection	Concept
viral load	Concept
viral pathogen	Concept
viral pathogenicity	Concept
viral pathogens	Concept
viral pneumonia	Concept
viral real-time reverse transcription polymerase chain reaction (RT-PCR) test	Concept
viral spike	Concept
viral strains	Concept
viral-mediated	Concept
viroporin	Concept
virtual elimination	Concept
virulence	Concept
virus	Concept
virus	Reference
virus genome sequence	Concept
virus infection	Action
virus infection	Concept
virus poles	Concept
virus similar to influenza	Concept
virus-induced	Concept
virus-laden	Concept
virus-like	Concept
viruses	Concept
viruses	Reference
vitamin D	Concept
volume	Concept
vulnerable	Concept
was	Action
was found	Action
was identified	Action
water	Concept
way	Concept
we	Reference
weakness	Concept
wearing	Action
week	Concept
weights	Concept
wellconserved	Concept
were found	Action
were included	Action
when not required	Concept
white	Concept
white matter	Concept
who lived	Concept
whole world	Concept
whole-genome level	Concept
whole-genome level 5	Concept
wide	Concept
wide spectrum	Concept
wide-range	Concept
widespread	Action
widespread	Concept
width	Concept
wild	Concept
wild strains	Concept
wildtype	Concept
will exist	Action
will peak	Action
will result	Action
wind	Concept
wind speeds	Concept
window	Concept
window for diagnosis	Concept
winter	Concept
with	Action
within	Action
within	Concept
without	Concept
women	Concept
work	Action
work	Concept
worker	Concept
working	Concept
working times	Concept
workplaces	Concept
world	Concept
worldwide	Concept
worsen	Action
would be possible	Action
writing	Action
wt	Concept
years	Concept
years old	Concept
yeast	Concept
yeast cytoplasmically	Concept
yeast cytoplasmically localized	Concept
yeast linear pGKL plasmids	Concept
yeasts	Concept
yield	Action
yielded	Action
young Tg	Concept
youth	Concept
~15%	Concept
~7%	Concept
θ = R	Concept
κ	Concept
κ-values	Concept
≤19 years of age	Concept
≥50%	Concept
≥50% chance	Concept
≥65	Concept
